1,3 pieces,20 Sep 2018 00:58,4.9,(748 голоса(ов)),1325 заказа(ов),2500，00 руб.,-64% , (10534 добавили)
2,1 piece,20 Sep 2018 00:42,,,,,,
3,1 piece,20 Sep 2018 00:28,,,,,,
4,1 piece,20 Sep 2018 00:27,,,,,,
5,3 pieces,20 Sep 2018 00:17,,,,,,
6,1 piece,18 Sep 2018 10:41,,,,,,
7,1 piece,18 Sep 2018 00:11,,,,,,
8,1 piece,14 Sep 2018 14:59,,,,,,
9,1 piece,14 Sep 2018 12:19,,,,,,
10,1 piece,14 Sep 2018 10:26,,,,,,
11,1 piece,14 Sep 2018 06:03,,,,,,
12,1 piece,14 Sep 2018 05:05,,,,,,
13,1 piece,13 Sep 2018 05:53,,,,,,
14,1 piece,13 Sep 2018 01:53,,,,,,
15,1 piece,11 Sep 2018 09:12,,,,,,
16,1 piece,11 Sep 2018 03:22,,,,,,
17,1 piece,11 Sep 2018 01:22,,,,,,
18,1 piece,10 Sep 2018 23:53,,,,,,
19,1 piece,10 Sep 2018 23:50,,,,,,
20,2 pieces,10 Sep 2018 23:42,,,,,,
21,1 piece,10 Sep 2018 23:41,,,,,,
22,1 piece,10 Sep 2018 23:14,,,,,,
23,1 piece,10 Sep 2018 22:54,,,,,,
24,1 piece,10 Sep 2018 22:03,,,,,,
25,1 piece,10 Sep 2018 21:25,,,,,,
26,1 piece,10 Sep 2018 21:16,,,,,,
27,1 piece,10 Sep 2018 20:55,,,,,,
28,1 piece,10 Sep 2018 20:48,,,,,,
29,1 piece,10 Sep 2018 15:42,,,,,,
30,1 piece,10 Sep 2018 15:32,,,,,,
31,1 piece,10 Sep 2018 13:22,,,,,,
