1,/singer-fm-2250-embroidery-sewing-machine/p/itmehbayess9zfay?pid=SMCEHBAYHPFHR5GG&lid=LSTSMCEHBAYHPFHR5GG8J10ZM&marketplace=FLIPKART&srno=b_2_41&otracker=browse&fm=organic&iid=8c3c1641-1fc4-4c92-aac3-c10a9149dc0b.SMCEHBAYHPFHR5GG.SEARCH&ppt=StoreBrowse&ppn=Store,https://rukminim1.flixcart.com/image/612/612/sewing-machine/5/g/g/singer-2250-tradition-original-imaegwntctvg9rye.jpeg?q=70,Singer FM 2250 Embroidery Sewing Machine,₹6，999,(569),<div class="hGSR34 _2beYZw">4.4 ★</div>
2,/akhi-ami-mini-hand-manual-sewing-machine/p/itmeyhy5nesvuhyw?pid=SMCEYHY5WZENJSHJ&lid=LSTSMCEYHY5WZENJSHJRC0RGO&marketplace=FLIPKART&srno=b_2_42&otracker=browse&fm=organic&iid=46eb45a0-392a-4219-979f-194056e662b7.SMCEYHY5WZENJSHJ.SEARCH&ppt=StoreBrowse&ppn=Store,https://rukminim1.flixcart.com/image/612/612/j8lxyfk0/sewing-machine/q/6/h/ami-mini-hand-manual-sewing-machine-akhi-original-imaeyhtgkzju9bmg.jpeg?q=70,akhi Ami Mini Hand Manual Sewing Machine,₹224,(134),<div class="hGSR34 _1x2VEC">2.9 ★</div>
3,/gs-portable-compact-4-1-mini-adapter-foot-pedal-electric-sewing-machine/p/itmf2yxybjpfz372?pid=SMCFFZVJHV84ZDEW&lid=LSTSMCFFZVJHV84ZDEWREWKYT&marketplace=FLIPKART&srno=b_2_43&otracker=browse&fm=organic&iid=2f7deefe-41e3-4d20-9f4f-c917c78cbdce.SMCFFZVJHV84ZDEW.SEARCH&ppt=StoreBrowse&ppn=Store,https://rukminim1.flixcart.com/image/612/612/jd0jtzk0/sewing-machine/d/e/w/portable-compact-4-in-1-mini-adapter-foot-pedal-electric-sewing-original-imaeevb3rhm32pjz.jpeg?q=70,GS Portable Compact 4 in 1 Mini Adapter Foot Pedal Electric Sewing Machine Electric Sewing Machine,₹895,(365),<div class="hGSR34 _2beYZw">3 ★</div>
4,/accedre-mini-stapler-style-hand-manual-sewing-machine/p/itme4dhfbmqvpdrz?pid=SMCE4DHFB2GQUJFW&lid=LSTSMCE4DHFB2GQUJFW3LKAOC&marketplace=FLIPKART&srno=b_2_44&otracker=browse&fm=organic&iid=0d99bb95-1a98-47f9-8367-6970b8557d14.SMCE4DHFB2GQUJFW.SEARCH&ppt=StoreBrowse&ppn=Store,https://rukminim1.flixcart.com/image/612/612/sewing-machine/j/f/w/accedre-mini-stapler-style-hand-original-imae4djeurqegu46.jpeg?q=70,Accedre Mini Stapler Style Hand Manual Sewing Machine,₹207,(998),<div class="hGSR34 _1x2VEC">2.3 ★</div>
5,/usha-stitch-magic-electric-sewing-machine/p/itmeb59mggtfchhs?pid=SMCEB59HEK5YAUSZ&lid=LSTSMCEB59HEK5YAUSZCF08VW&marketplace=FLIPKART&srno=b_2_45&otracker=browse&fm=organic&iid=2733328b-b0dc-473f-89e3-977bc6f39de5.SMCEB59HEK5YAUSZ.SEARCH&ppt=StoreBrowse&ppn=Store,https://rukminim1.flixcart.com/image/612/612/sewing-machine/u/s/z/usha-stitch-magic-book-original-imaeafb2phgdgq5t.jpeg?q=70,Usha Stitch Magic Electric Sewing Machine,₹15，399,(115),<div class="hGSR34 _2beYZw">3.9 ★</div>
6,/ibs-portable-mini-household-handheld-10-ea-01-electric-sewing-machine/p/itmeuc2buqmgdjr7?pid=SMCEUC2BKWEGYTMD&lid=LSTSMCEUC2BKWEGYTMDPPTB6C&marketplace=FLIPKART&srno=b_2_46&otracker=browse&fm=organic&iid=ac8c4a77-4c7f-46e7-bf9c-25a0af2b5206.SMCEUC2BKWEGYTMD.SEARCH&ppt=StoreBrowse&ppn=Store,https://rukminim1.flixcart.com/image/612/612/j34r6vk0-1/sewing-machine/t/m/d/portable-mini-household-handheld-10-ea-01-ibs-original-imaeucf6xnfcyjxt.jpeg?q=70,IBS Portable mini household Handheld 10 (EA) 01 Electric Sewing Machine,₹3，499,(5),<div class="hGSR34 _2beYZw">3.8 ★</div>
7,/dealcrox-handheld-mini-portable-stapler-embroidery-sewing-machine/p/itmeggcrdnjswvhp?pid=SMCEGGCRWVSDPA2F&lid=LSTSMCEGGCRWVSDPA2FBCAPK4&marketplace=FLIPKART&srno=b_2_47&otracker=browse&fm=organic&iid=4c5b2d51-bee9-4c2b-a53f-dcd87e82ea8b.SMCEGGCRWVSDPA2F.SEARCH&ppt=StoreBrowse&ppn=Store,https://rukminim1.flixcart.com/image/612/612/sewing-machine/a/2/f/dealcrox-handheld-mini-portable-stapler-original-imaegg8pnnzuhpzk.jpeg?q=70,Dealcrox Handheld Mini Portable Stapler Embroidery Sewing Machine,₹209,(96),<div class="hGSR34 _1x2VEC">2.6 ★</div>
8,/wotel-4-1-mini-adapter-foot-pedal-electric-sewing-machine/p/itmegxjtvzsazvgs?pid=SMCEGXJT35CAGRGB&lid=LSTSMCEGXJT35CAGRGBSRG8HS&marketplace=FLIPKART&srno=b_2_48&otracker=browse&fm=organic&iid=fb664d6e-5063-4c51-b602-23284ef58f45.SMCEGXJT35CAGRGB.SEARCH&ppt=StoreBrowse&ppn=Store,https://rukminim1.flixcart.com/image/612/612/jlv70y80/sewing-machine/r/g/b/4-in-1-mini-adapter-foot-pedal-wotel-original-imaekx6wz3mrnnfe.jpeg?q=70,Wotel 4 in 1 Mini Adapter Foot Pedal Electric Sewing Machine,₹999,(563),<div class="hGSR34 _1x2VEC">2.8 ★</div>
9,/wds-multi-functional-powered-battery-ac-220v-power-50hz-mini-portable-sewing-machine-electric-machine-built-in-stitches-1/p/itmf3nzgf2w5kkug?pid=SMCF3MFGVMPYGCZK&lid=LSTSMCF3MFGVMPYGCZKRTPZWC&marketplace=FLIPKART&srno=b_2_49&otracker=browse&fm=organic&iid=0fd014eb-854a-4074-9f0f-ba249a5f9dd6.SMCF3MFGVMPYGCZK.SEARCH&ppt=StoreBrowse&ppn=Store,https://rukminim1.flixcart.com/image/612/612/jf5plzk0/sewing-machine/z/y/c/multi-functional-powered-with-battery-or-ac-220v-power-50hz-mini-original-imaf3nzgdwztzazz.jpeg?q=70,WDS  Multi-functional Powered with Battery or AC 220V Power 50Hz Mini Portable Sewing Machine Electric Sewing Machine  ( Built-in Stitches 1) Electric Sewing Machine,₹940,(54),<div class="hGSR34 _2beYZw">3.2 ★</div>
10,/singer-start-fm1306-electric-sewing-machine/p/itme7b6zz2wdnz6e?pid=SMCE7B6ZXFS2DXNV&lid=LSTSMCE7B6ZXFS2DXNV100PZM&marketplace=FLIPKART&srno=b_2_50&otracker=browse&fm=organic&iid=9a751650-2a7b-40c7-8363-298cabf29de5.SMCE7B6ZXFS2DXNV.SEARCH&ppt=StoreBrowse&ppn=Store,https://rukminim1.flixcart.com/image/612/612/sewing-machine/x/n/v/singer-start-fm1306-original-imaeg9hygmhhk7mf.jpeg?q=70,Singer Start Fm1306 Electric Sewing Machine,₹8，065,(1，145),<div class="hGSR34 _2beYZw">4.3 ★</div>
11,/ibs-portable-mini-household-handheld-10-built-in-stitch-pattens-electric-sewing-machine/p/itmehfs9mzwhnf9h?pid=SMCEHFS9RERF3GFQ&lid=LSTSMCEHFS9RERF3GFQRAWXYY&marketplace=FLIPKART&srno=b_2_51&otracker=browse&fm=organic&iid=8e28e6c3-dc49-461f-9aa9-7d87986cf857.SMCEHFS9RERF3GFQ.SEARCH&ppt=StoreBrowse&ppn=Store,https://rukminim1.flixcart.com/image/612/612/sewing-machine/u/c/f/ibs-portable-mini-household-handheld-10-built-in-stitch-pattens-original-imaehfhyequ4d5rh.jpeg?q=70,IBS Portable mini household Handheld 10 built-in Stitch Pattens Electric Sewing Machine,₹3，499,(13),<div class="hGSR34 _2beYZw">3.2 ★</div>
12,/rabsa-adapter-foot-pedal-mini-rsa-electric-sewing-machine/p/itmf5ay9zbtyfyhh?pid=SMCF59M9GCJJUC3T&lid=LSTSMCF59M9GCJJUC3TI6SGUL&marketplace=FLIPKART&srno=b_2_52&otracker=browse&fm=organic&iid=b1657efc-612c-497b-9c43-21ab9a9ce1a4.SMCF59M9GCJJUC3T.SEARCH&ppt=StoreBrowse&ppn=Store,https://rukminim1.flixcart.com/image/612/612/jh80ia80/sewing-machine/f/e/z/tirsawing-9595-rsa-rabsa-original-imaf3df8nu5xdjhs.jpeg?q=70,Rabsa Adapter & Foot Pedal Mini-RSA Electric Sewing Machine,₹995,0,0
13,/creative-via-mhdr-505-12-built-in-stitch-pattens-portable-compact-accessories-electric-sewing-machine/p/itmek5gwrp8f67qm?pid=SMCEK5GWHNFPJQZU&lid=LSTSMCEK5GWHNFPJQZUUPMQEV&marketplace=FLIPKART&srno=b_2_53&otracker=browse&fm=organic&iid=0186b3d1-a235-44f4-b7ea-c1789adcdd07.SMCEK5GWHNFPJQZU.SEARCH&ppt=StoreBrowse&ppn=Store,https://rukminim1.flixcart.com/image/612/612/j9a8fww0/sewing-machine/q/z/u/ha-sm02-10-built-in-stitch-pattens-portable-compact-with-original-imaeyvggdgf5jgws.jpeg?q=70,Creative Via MHDR-505 12 built-in Stitch Pattens Portable & Compact With Accessories Electric Sewing Machine Electric Sewing Machine,₹3，894,(49),<div class="hGSR34 _2beYZw">3.8 ★</div>
14,/gs-4-1-mini-adapter-foot-pedal-electric-sewing-machine/p/itmehkvg5mg5hf5g?pid=SMCEHKVGJZAWXFTM&lid=LSTSMCEHKVGJZAWXFTMQNE4NC&marketplace=FLIPKART&srno=b_2_54&otracker=browse&fm=organic&iid=8ef3a1c0-e8b3-4d95-ae8b-7520d8dfd454.SMCEHKVGJZAWXFTM.SEARCH&ppt=StoreBrowse&ppn=Store,https://rukminim1.flixcart.com/image/612/612/j29bi4w0-1/sewing-machine/n/8/f/4-in-1-mini-new-original-imaehcm7zutk4gyv.jpeg?q=70,GS 4 in 1 Mini Adapter Foot Pedal Electric Sewing Machine,₹899,(32),<div class="hGSR34 _2beYZw">3.1 ★</div>
15,/kitchen-india-mini-4-1-sewing-yd04-electric-machine/p/itmf48zqkzjjfqgw?pid=SMCF48MZYH6TGGYF&lid=LSTSMCF48MZYH6TGGYFHFY2EG&marketplace=FLIPKART&srno=b_2_55&otracker=browse&fm=organic&iid=456d0c01-3fbc-4c9c-9a80-91ad09cb5d0f.SMCF48MZYH6TGGYF.SEARCH&ppt=StoreBrowse&ppn=Store,https://rukminim1.flixcart.com/image/612/612/jfvfjbk0/sewing-machine/g/y/f/mini-4-in-1-sewing-yd04-kitchen-india-original-imaf47w6fztyuvtj.jpeg?q=70,Kitchen India ™ Mini 4 In 1 Sewing YD04 Electric Sewing Machine,₹925,0,0
16,/maxel-sewing-machine-portable-electric-crafting-mending-machine-2-speed-double-thread-speed-light-cutter-foot-pedal-household-travel-beginner-built-in-stitches-1/p/itmf45c4jh9mhwks?pid=SMCF45C4U8FYGYXZ&lid=LSTSMCF45C4U8FYGYXZVC5DBR&marketplace=FLIPKART&srno=b_2_56&otracker=browse&fm=organic&iid=3b3f0931-4fd2-4b30-b2ec-7b2b187db613.SMCF45C4U8FYGYXZ.SEARCH&ppt=StoreBrowse&ppn=Store,https://rukminim1.flixcart.com/image/612/612/jfr57rk0/sewing-machine/y/x/z/sewing-machine-portable-electric-crafting-mending-machine-2-original-imaf458cnfz9y4pd.jpeg?q=70,Maxel Sewing Machine， Portable Electric Crafting Mending Machine 2-Speed Double Thread， Double Speed with Light & Cutter， Foot Pedal for Household Travel Beginner Electric Sewing Machine ( Built-in Stitches 1) Electric Sewing Machine ( Built-in Stitches 1) Electric Sewing Machine,₹999,(3),<div class="hGSR34 _2beYZw">3.7 ★</div>
17,/vox-18-multicolored-thread-set-mini-electric-sewing-machine/p/itmee4can4cxnjrw?pid=SMCEE4CARSTSPUGH&lid=LSTSMCEE4CARSTSPUGHDGTIPV&marketplace=FLIPKART&srno=b_2_57&otracker=browse&fm=organic&iid=82b5370c-f100-4079-acd8-f505901bcb1a.SMCEE4CARSTSPUGH.SEARCH&ppt=StoreBrowse&ppn=Store,https://rukminim1.flixcart.com/image/612/612/sewing-machine/g/e/n/home-pro-hp-01-mini-original-imaeef8wwsbhskrq.jpeg?q=70,Vox 18 Multicolored Thread Set Mini Electric Sewing Machine,₹910,(178),<div class="hGSR34 _1x2VEC">2.8 ★</div>
18,/benison-india-4-in1-smart-portable-mini-silai-electric-sewing-machine/p/itmen8dzyubdf3wj?pid=SMCEN8DZU9TMBXWG&lid=LSTSMCEN8DZU9TMBXWGFOLOZK&marketplace=FLIPKART&srno=b_2_58&otracker=browse&fm=organic&iid=67c82bc2-e5df-4449-99f5-92eb4553efaa.SMCEN8DZU9TMBXWG.SEARCH&ppt=StoreBrowse&ppn=Store,https://rukminim1.flixcart.com/image/612/612/j9pyaa80/sewing-machine/7/4/b/g001-portable-compact-4-in-1-mini-adapter-foot-pedal-gking-original-imaemxffj64gqcxg.jpeg?q=70,Benison India ™ 4 In1 Smart Portable mini Silai Electric Sewing Machine,₹1，448,(39),<div class="hGSR34 _2beYZw">3 ★</div>
19,/olympic-1-12-full-copper-cream-motor-electric-sewing-machine/p/itmf6nxur2k9gkdw?pid=SMCF6NAYHNHG27BF&lid=LSTSMCF6NAYHNHG27BFJ7VPOB&marketplace=FLIPKART&srno=b_2_59&otracker=browse&fm=organic&iid=bc24e4e4-3b9f-4023-bb24-a54e38f6f2ae.SMCF6NAYHNHG27BF.SEARCH&ppt=StoreBrowse&ppn=Store,https://rukminim1.flixcart.com/image/612/612/jlsc58w0/sewing-machine/7/b/f/1-12-full-copper-cream-motor-olympic-original-imaf8ufkzcvuy2hg.jpeg?q=70,Olympic 1/12 Full copper cream motor Electric Sewing Machine,₹1，150,(27),<div class="hGSR34 _2beYZw">3.9 ★</div>
20,/dealcrox-mini-4-1-electric-sewing-machine/p/itmegyz56fqcqbgu?pid=SMCEGYZ5JG5GETX4&lid=LSTSMCEGYZ5JG5GETX4P0YAJD&marketplace=FLIPKART&srno=b_2_60&otracker=browse&fm=organic&iid=1e28e18a-c635-445b-bd45-3febb50135c1.SMCEGYZ5JG5GETX4.SEARCH&ppt=StoreBrowse&ppn=Store,https://rukminim1.flixcart.com/image/612/612/sewing-machine/t/x/4/dealcrox-mini-4-in-1-electric-sewing-machine-original-imaebmmm3muqznkn.jpeg?q=70,Dealcrox Mini 4 in 1 Electric Sewing Machine Electric Sewing Machine,₹999,(61),<div class="hGSR34 _2beYZw">3 ★</div>
21,/snd-portable-compact-4-1-mini-adapter-foot-pedal-electric-sewing-machine/p/itmes7fwyjzz8jtc?pid=SMCES7FW7T8CVJBF&lid=LSTSMCES7FW7T8CVJBFQUNGNI&marketplace=FLIPKART&srno=b_2_61&otracker=browse&fm=organic&iid=c3bf7b9e-46a2-42a5-9596-68b97be6e6ef.SMCES7FW7T8CVJBF.SEARCH&ppt=StoreBrowse&ppn=Store,https://rukminim1.flixcart.com/image/612/612/jf4a64w0/sewing-machine/t/m/y/ssmsm01650-shoppingshort-original-imaemxffj64gqcxg.jpeg?q=70,SND Portable & Compact 4 in 1 Mini Adapter Foot Pedal Electric Sewing Machine,₹899,(89),<div class="hGSR34 _1x2VEC">2.8 ★</div>
22,/snd-hand-held-cordless-stapler-portable-sewing-machine-cloth-garment-stitching-electric/p/itmff7zfxsacqdhz?pid=SMCFF6PKQ3RVYS66&lid=LSTSMCFF6PKQ3RVYS66KIWTJO&marketplace=FLIPKART&srno=b_2_62&otracker=browse&fm=organic&iid=04097a02-200b-4207-9779-a23be919b8a9.SMCFF6PKQ3RVYS66.SEARCH&ppt=StoreBrowse&ppn=Store,https://rukminim1.flixcart.com/image/612/612/jbzedu80-1/sewing-machine/s/6/6/hand-held-cordless-stapler-portable-sewing-machine-for-cloth-original-imaff6g3zvj5f7uv.jpeg?q=70,SND Hand-Held Cordless Stapler Portable Sewing Machine For Cloth & Garment Stitching Electric Sewing Machine Electric Sewing Machine,₹399,(84),<div class="hGSR34 _1x2VEC">2.5 ★</div>
23,/easy-silai-es1247-electric-sewing-machine/p/itmf5n4uqxkzq9mg?pid=SMCF5N2YTWYYAMCN&lid=LSTSMCF5N2YTWYYAMCNSMVVZT&marketplace=FLIPKART&srno=b_2_63&otracker=browse&fm=organic&iid=db518536-30e5-465f-83b0-ede5673734ac.SMCF5N2YTWYYAMCN.SEARCH&ppt=StoreBrowse&ppn=Store,https://rukminim1.flixcart.com/image/612/612/jhp5si80/sewing-machine/m/c/n/es1247-easy-silai-original-imaf5n4u3rgcrta9.jpeg?q=70,EASY SILAI ES1247 Electric Sewing Machine,₹1，220,0,0
24,/gadget-bucket-portable-compact-4-1-mini-adapter-foot-pedal-electric-sewing-machine/p/itme63z3wdaftbh7?pid=SMCE63Z3BZJ8HYGZ&lid=LSTSMCE63Z3BZJ8HYGZG1LOXV&marketplace=FLIPKART&srno=b_2_64&otracker=browse&fm=organic&iid=dd1133e9-6c22-42fe-9671-e893271014a1.SMCE63Z3BZJ8HYGZ.SEARCH&ppt=StoreBrowse&ppn=Store,https://rukminim1.flixcart.com/image/612/612/jdbzcsw0/sewing-machine/5/8/9/mini-electric-power-mode-amir-enterprise-original-imaff5u6w4g8grqc.jpeg?q=70,Gadget Bucket Portable & Compact 4 in 1 Mini Adapter Foot Pedal Electric Sewing Machine,₹895,(957),<div class="hGSR34 _2beYZw">3 ★</div>
25,/benison-india-hand-held-heat-sealer-electric-sewing-machine/p/itmev4fzpzwfzgbp?pid=SMCEV4FZME6YRG2H&lid=LSTSMCEV4FZME6YRG2HDWDN8V&marketplace=FLIPKART&srno=b_2_65&otracker=browse&fm=organic&iid=35adf045-bfd5-4e66-80f6-7cd4112835ef.SMCEV4FZME6YRG2H.SEARCH&ppt=StoreBrowse&ppn=Store,https://rukminim1.flixcart.com/image/612/612/j4fwpzk0/sewing-machine/h/p/a/plastic-bag-heat-sealer-benison-india-original-imaev2sy86yrhhhh.jpeg?q=70,Benison India Hand held heat sealer Electric Sewing Machine,₹1，581,(26),<div class="hGSR34 _2beYZw">3.3 ★</div>
26,/benison-india-original-ming-hui-portable-4-1-mini-electric-sewing-machine/p/itmemxhbqk98xrbu?pid=SMCEMXHBF9JBHNUU&lid=LSTSMCEMXHBF9JBHNUUHAFJYG&marketplace=FLIPKART&srno=b_2_66&otracker=browse&fm=organic&iid=e73226d8-d149-4adc-b729-9a7ea4bc5356.SMCEMXHBF9JBHNUU.SEARCH&ppt=StoreBrowse&ppn=Store,https://rukminim1.flixcart.com/image/612/612/j9pyaa80/sewing-machine/7/4/b/g001-portable-compact-4-in-1-mini-adapter-foot-pedal-gking-original-imaemxffj64gqcxg.jpeg?q=70,Benison India ™ Original Ming Hui Portable 4 in 1 Mini Electric Sewing Machine,₹1，384,(35),<div class="hGSR34 _2beYZw">3.1 ★</div>
27,/sastaoutlet-portable-stapler-model-sun-mini-hand-sot7-manual-sewing-machine/p/itmewrmnfwf9mwcm?pid=SMCEWRMNNY99BSZZ&lid=LSTSMCEWRMNNY99BSZZQMKCSS&marketplace=FLIPKART&srno=b_2_67&otracker=browse&fm=organic&iid=b6423876-97a8-4f83-86a6-8259c54b4814.SMCEWRMNNY99BSZZ.SEARCH&ppt=StoreBrowse&ppn=Store,https://rukminim1.flixcart.com/image/612/612/j9zyd8w0/sewing-machine/w/a/9/portable-stapler-model-sun-mini-hand-silaiwalans7-silaiwala-original-imaewqnnyab9xu2z.jpeg?q=70,SastaOutlet Portable Stapler Model Sun Mini Hand-Sot7 Manual Sewing Machine,₹224,(9),<div class="hGSR34 _1nLEql">1.6 ★</div>
28,/akhi-wotel-electric-sewing-machine/p/itmf2dn7kruambqz?pid=SMCF26YWUP5RYVRF&lid=LSTSMCF26YWUP5RYVRF4DCHNO&marketplace=FLIPKART&srno=b_2_68&otracker=browse&fm=organic&iid=faf6420c-2fde-48d8-8690-e19a91900ce1.SMCF26YWUP5RYVRF.SEARCH&ppt=StoreBrowse&ppn=Store,https://rukminim1.flixcart.com/image/612/612/jdhp47k0/sewing-machine/v/r/f/wotel-akhi-original-imaf29yybhqnsven.jpeg?q=70,akhi wotel Electric Sewing Machine,₹920,0,0
29,/bms-lifestyle-stitchmaster-16built-electric-sewing-machine/p/itmesrefh8mkvg4a?pid=SMCESRDRNRWBT9VQ&lid=LSTSMCESRDRNRWBT9VQMFGTAM&marketplace=FLIPKART&srno=b_2_69&otracker=browse&fm=organic&iid=5903cfe3-5e6a-49a4-a614-e5c549e9b604.SMCESRDRNRWBT9VQ.SEARCH&ppt=StoreBrowse&ppn=Store,https://rukminim1.flixcart.com/image/612/612/j13vqfk0/sewing-machine/9/v/q/stitchmaster-16built-bms-lifestyle-original-imaesr5jmags56e8.jpeg?q=70,BMS Lifestyle StitchMaster_16built Electric Sewing Machine,₹4，489,(47),<div class="hGSR34 _2beYZw">3.2 ★</div>
30,/al-hind-ultra32-electric-sewing-machine/p/itmejejswv8qcmqh?pid=SMCEJEJS9WZEXZBN&lid=LSTSMCEJEJS9WZEXZBNHQPUJQ&marketplace=FLIPKART&srno=b_2_70&otracker=browse&fm=organic&iid=ac1d20c8-4918-44bb-807e-52e5b81b4c2c.SMCEJEJS9WZEXZBN.SEARCH&ppt=StoreBrowse&ppn=Store,https://rukminim1.flixcart.com/image/612/612/sewing-machine/z/b/n/al-hind-ultra32-original-imaegebyugvyjqqp.jpeg?q=70,al hind ULTRA32 Electric Sewing Machine,₹900,(28),<div class="hGSR34 _2beYZw">3.9 ★</div>
31,/tailor-s-choice-sm505-electric-sewing-machine/p/itmem8xhghgwpjdj?pid=SMCEM8XKDYUAYKTJ&lid=LSTSMCEM8XKDYUAYKTJME3MWF&marketplace=FLIPKART&srno=b_2_71&otracker=browse&fm=organic&iid=c617b085-6845-4422-ab22-2de1fc5e4f1b.SMCEM8XKDYUAYKTJ.SEARCH&ppt=StoreBrowse&ppn=Store,https://rukminim1.flixcart.com/image/612/612/sewing-machine/k/t/j/tailor-s-choice-sm505-original-imaem8htyzhrv9qu.jpeg?q=70,Tailor's Choice SM505 Electric Sewing Machine,₹5，299,(183),<div class="hGSR34 _2beYZw">3.3 ★</div>
32,/benison-india-heat-hand-hels-sealer-electric-sewing-machine/p/itmev4fzskyfyd3t?pid=SMCEV4FZWAFJGGXY&lid=LSTSMCEV4FZWAFJGGXYFVQK4Y&marketplace=FLIPKART&srno=b_2_72&otracker=browse&fm=organic&iid=ff9a29c7-a54a-4cc4-ae39-4809bf820eec.SMCEV4FZWAFJGGXY.SEARCH&ppt=StoreBrowse&ppn=Store,https://rukminim1.flixcart.com/image/612/612/j4fwpzk0/sewing-machine/h/p/a/plastic-bag-heat-sealer-benison-india-original-imaev2sy86yrhhhh.jpeg?q=70,Benison India Heat hand hels sealer Electric Sewing Machine,₹1，780,(17),<div class="hGSR34 _1x2VEC">2.8 ★</div>
33,/ecstasy-mini-regular-use-minor-stitches-electric-sewing-machine/p/itmevqpbyatgjbuk?pid=SMCEVQPBZWN2YS9E&lid=LSTSMCEVQPBZWN2YS9ECBZI8X&marketplace=FLIPKART&srno=b_2_73&otracker=browse&fm=organic&iid=77786f43-c19b-43b6-b628-67ac118e9aa1.SMCEVQPBZWN2YS9E.SEARCH&ppt=StoreBrowse&ppn=Store,https://rukminim1.flixcart.com/image/612/612/j4yhg280/sewing-machine/s/9/e/mini-regular-use-for-minor-stitches-ecstasy-original-imaevqg3wghh9khm.jpeg?q=70,ecstasy MINI REGULAR USE FOR MINOR STITCHES Electric Sewing Machine,₹939,(72),<div class="hGSR34 _2beYZw">3 ★</div>
34,/regrid-4in1-portable-compact-sewing-accessories-cmb07-electric-machine/p/itmf3ym4s7cuates?pid=SMCF3XSKKXA9YGTH&lid=LSTSMCF3XSKKXA9YGTHOT009U&marketplace=FLIPKART&srno=b_2_74&otracker=browse&fm=organic&iid=c37d7ad0-90af-4e48-8298-988eb9ae1be3.SMCF3XSKKXA9YGTH.SEARCH&ppt=StoreBrowse&ppn=Store,https://rukminim1.flixcart.com/image/612/612/jfikknk0/sewing-machine/g/t/h/4in1-portable-compact-with-sewing-accessories-cmb07-regrid-original-imaf3ym7rjehvz3n.jpeg?q=70,ReGrid 4in1 Portable & Compact With Sewing Accessories CMB07 Electric Sewing Machine,₹1，769,(91),<div class="hGSR34 _2beYZw">3.2 ★</div>
35,/benison-india-handheld-handy-stitch-4-1-mini-portable-electric-sewing-machine/p/itmehhcfcs6hhkjk?pid=SMCEHHCFFJJE5UG7&lid=LSTSMCEHHCFFJJE5UG7G1QFTX&marketplace=FLIPKART&srno=b_2_75&otracker=browse&fm=organic&iid=12821ac6-307d-41ea-bdf6-a296cf902a76.SMCEHHCFFJJE5UG7.SEARCH&ppt=StoreBrowse&ppn=Store,https://rukminim1.flixcart.com/image/612/612/sewing-machine/u/g/7/benison-india-handheld-handy-stitch-4-in-1-mini-portable-original-imaehh3nfvtuwqzp.jpeg?q=70,Benison India handheld handy stitch & 4 in 1 mini portable Electric Sewing Machine,₹1，982,(56),<div class="hGSR34 _2beYZw">3.4 ★</div>
36,/hemdec-mhdr-505-12-built-in-stitch-pattens-electric-sewing-machine/p/itmfy85dg4mqnhzm?pid=SMCFY85DUQXUYFHM&lid=LSTSMCFY85DUQXUYFHMJKUWDG&marketplace=FLIPKART&srno=b_2_76&otracker=browse&fm=organic&iid=a61a6fc1-af8c-47ac-a888-a4ef4eed676b.SMCFY85DUQXUYFHM.SEARCH&ppt=StoreBrowse&ppn=Store,https://rukminim1.flixcart.com/image/612/612/japoakw0/sewing-machine/f/h/m/mhdr-505-12-built-in-stitch-pattens-hemdec-original-imafy87fet35h4sr.jpeg?q=70,Hemdec MHDR-505 12 built-in Stitch Pattens Electric Sewing Machine,₹3，899,(13),<div class="hGSR34 _2beYZw">3.8 ★</div>
37,/benison-india-stapler-silai-machine-exclusive-4-1-portable-compact-mini-minghui-stapler-electric-sewing/p/itmfyzmywrg7dphm?pid=SMCFYTKEYG7JGND4&lid=LSTSMCFYTKEYG7JGND46X6UOQ&marketplace=FLIPKART&srno=b_2_77&otracker=browse&fm=organic&iid=e319c4e2-894a-4ca0-9eb3-eafc05c37ca8.SMCFYTKEYG7JGND4.SEARCH&ppt=StoreBrowse&ppn=Store,https://rukminim1.flixcart.com/image/612/612/jbpeavk0/sewing-machine/n/d/4/stapler-silai-machine-with-exclusive-4-in-1-portable-compact-original-imafyubvkhhxgwfb.jpeg?q=70,Benison India ™stapler silai machine with Exclusive 4 In 1 Portable & Compact mini minghui With stapler silai machine Electric Sewing Machine,₹1，580,(15),<div class="hGSR34 _1x2VEC">2.7 ★</div>
38,/wonder-world-household-desktop-mini-2-speed-portable-sewing-machine-electric/p/itmeybpyvtdhkacp?pid=SMCEYBPYARA2ANRD&lid=LSTSMCEYBPYARA2ANRDTBHFLB&marketplace=FLIPKART&srno=b_2_78&otracker=browse&fm=organic&iid=551ca812-a573-4274-af6a-f2108c854855.SMCEYBPYARA2ANRD.SEARCH&ppt=StoreBrowse&ppn=Store,https://rukminim1.flixcart.com/image/612/612/j892zrk0/sewing-machine/n/r/d/household-desktop-mini-2-speed-portable-sewing-machine-wonder-original-imaeybh6uwdykwxt.jpeg?q=70,Wonder World Household Desktop Mini 2-Speed portable Sewing Machine Electric Sewing Machine,₹1，013,(19),<div class="hGSR34 _2beYZw">3.1 ★</div>
39,/ecstasy-mini-regular-electric-sewing-machine/p/itmevpeyyjptggcs?pid=SMCEVPEYGKEHXN2S&lid=LSTSMCEVPEYGKEHXN2SS3YBQ7&marketplace=FLIPKART&srno=b_2_79&otracker=browse&fm=organic&iid=8bd42a40-fa17-4f62-b46b-617f9ca4b623.SMCEVPEYGKEHXN2S.SEARCH&ppt=StoreBrowse&ppn=Store,https://rukminim1.flixcart.com/image/612/612/j4x207k0/sewing-machine/n/2/s/mini-regular-ecstasy-original-imaevpe9feyhzcuu.jpeg?q=70,ecstasy Mini Regular Electric Sewing Machine,₹999,(10),<div class="hGSR34 _2beYZw">3.1 ★</div>
40,/riyas-mini-4-1-electric-sewing-machine-embroidery/p/itmejg2wxqfhuevx?pid=SMCEJG2WWHFNJHKC&lid=LSTSMCEJG2WWHFNJHKCHEA0SZ&marketplace=FLIPKART&srno=b_2_80&otracker=browse&fm=organic&iid=ffafa689-2076-466d-90ca-0f0e6de0485d.SMCEJG2WWHFNJHKC.SEARCH&ppt=StoreBrowse&ppn=Store,https://rukminim1.flixcart.com/image/612/612/sewing-machine/h/k/c/riyas-mini-4-in-1-electric-sewing-machine-original-imaejgv2rddyhecr.jpeg?q=70,Riyas Mini 4 in 1 Electric Sewing Machine Embroidery Sewing Machine,₹999,(33),<div class="hGSR34 _1x2VEC">2.5 ★</div>
